<?xml version="1.0" encoding="UTF-8" standalone="yes"?>
<addon id="plugin.video.myfirstaddon" name="Cameras" version="0.0.8" provider-name="Monastie">
    <requires>
        <import addon="xbmc.python" version="3.0.0"/>
    </requires>
    <extension point="xbmc.python.pluginsource" library="addon.py">
        <provides>video</provides>
    </extension>
    <extension point="xbmc.addon.metadata">
        <summary lang="en_GB">Plays RTSP or MJPEG streams with thumbnails</summary>
        <description lang="en_GB">Configure up to 16 RTSP or MJPEG streams with optional thumbnail images</description>
        <platform>all</platform>
        <language>en</language>
        <license>MIT</license>
        <source>https://github.com/yourusername/myfirstaddon</source>
        <website>https://yourwebsite.com</website>
        <email>you@example.com</email>
        <assets>
            <icon>icon.png</icon>
            <fanart>fanart.jpg</fanart>
        </assets>
    </extension>
    <extension point="xbmc.addon.repository"/>
</addon>